metric,clip,blip,absolute_improvement,relative_improvement_percent
accuracy,0.6751837591879594,0.74585,0.07066624081204065,10.46622343182997
macro_f1,0.6617174714283183,0.7211393728370781,0.0594219014087598,8.979950503724426
