model,subset,n,accuracy,macro_f1
CLIP,overall,19999,0.6751837591879594,0.6617174714283183
BLIP,overall,20000,0.74585,0.7211393728370781
