model,accuracy_gap_catalog_minus_less,macro_f1_gap_catalog_minus_less
CLIP,0.016823593034979156,-0.004585473753097036
BLIP,0.00612601195736473,-0.009548327253260491
