model,subset,n,accuracy,macro_f1
BLIP,catalog_like,7898,0.7495568498354014,0.7128650752019907
BLIP,less_curated,12102,0.7434308378780367,0.7224134024552512
