model,task,subset,n,accuracy,macro_f1
BLIP,material,overall,19811,0.4286507495835647,0.5043021011388941
BLIP,material,catalog_like,7847,0.4107302153689308,0.5039859364283666
BLIP,material,less_curated,11964,0.44040454697425613,0.5044804286760521
