model,task,subset,n,accuracy,macro_f1
CLIP,material,overall,19811,0.3917520569380647,0.399808539179525
CLIP,material,catalog_like,7847,0.3959474958582898,0.40034915269031535
CLIP,material,less_curated,11964,0.38900033433634235,0.3978848989852525
