model,task,subset,n,accuracy,macro_f1
BLIP,pattern,overall,17577,0.8092393468737554,0.7658139171692602
BLIP,pattern,catalog_like,6920,0.8109826589595376,0.7704616285277597
BLIP,pattern,less_curated,10657,0.8081073472834757,0.7615198725622455
