model,task,subset,n,accuracy,macro_f1
CLIP,pattern,overall,17577,0.6867497297604824,0.6439144916761183
CLIP,pattern,catalog_like,6920,0.7122832369942197,0.6609485411323786
CLIP,pattern,less_curated,10657,0.6701698414187858,0.6317507984209954
